{
  "__type__": "cc.SpriteFrame",
  "content": {
    "name": "1-1",
    "atlas": "",
    "rect": {
      "x": 0,
      "y": 0,
      "width": 750,
      "height": 1188
    },
    "offset": {
      "x": 0,
      "y": 56.5
    },
    "originalSize": {
      "width": 750,
      "height": 1301
    },
    "rotated": false,
    "capInsets": [
      0,
      0,
      0,
      0
    ],
    "vertices": {
      "rawPosition": [
        -375,
        -594,
        0,
        375,
        -594,
        0,
        -375,
        594,
        0,
        375,
        594,
        0
      ],
      "indexes": [
        0,
        1,
        2,
        2,
        1,
        3
      ],
      "uv": [
        0,
        1301,
        750,
        1301,
        0,
        113,
        750,
        113
      ],
      "nuv": [
        0,
        0.08685626441199078,
        1,
        0.08685626441199078,
        0,
        1,
        1,
        1
      ],
      "minPos": {
        "x": -375,
        "y": -594,
        "z": 0
      },
      "maxPos": {
        "x": 375,
        "y": 594,
        "z": 0
      }
    },
    "texture": "44084335-e613-44d3-a6c0-b48ced84e99a@6c48a",
    "packable": true,
    "pixelsToUnit": 100,
    "pivot": {
      "x": 0.5,
      "y": 0.5
    },
    "meshType": 0
  }
}