{
  "__type__": "cc.SpriteFrame",
  "content": {
    "name": "logo",
    "atlas": "",
    "rect": {
      "x": 3,
      "y": 3,
      "width": 1128,
      "height": 230
    },
    "offset": {
      "x": 0,
      "y": 0
    },
    "originalSize": {
      "width": 1134,
      "height": 236
    },
    "rotated": false,
    "capInsets": [
      0,
      0,
      0,
      0
    ],
    "vertices": {
      "rawPosition": [
        -564,
        -115,
        0,
        564,
        -115,
        0,
        -564,
        115,
        0,
        564,
        115,
        0
      ],
      "indexes": [
        0,
        1,
        2,
        2,
        1,
        3
      ],
      "uv": [
        3,
        233,
        1131,
        233,
        3,
        3,
        1131,
        3
      ],
      "nuv": [
        0.0026455026455026454,
        0.012711864406779662,
        0.9973544973544973,
        0.012711864406779662,
        0.0026455026455026454,
        0.9872881355932204,
        0.9973544973544973,
        0.9872881355932204
      ],
      "minPos": {
        "x": -564,
        "y": -115,
        "z": 0
      },
      "maxPos": {
        "x": 564,
        "y": 115,
        "z": 0
      }
    },
    "texture": "9db8d639-a7be-44de-ace1-34b30f1c1a7e@6c48a",
    "packable": true,
    "pixelsToUnit": 100,
    "pivot": {
      "x": 0.5,
      "y": 0.5
    },
    "meshType": 0
  }
}