{
  "__type__": "cc.SpriteFrame",
  "content": {
    "name": "2_3",
    "atlas": "",
    "rect": {
      "x": 3,
      "y": 4,
      "width": 52,
      "height": 70
    },
    "offset": {
      "x": 0.5,
      "y": -1.5
    },
    "originalSize": {
      "width": 57,
      "height": 75
    },
    "rotated": false,
    "capInsets": [
      0,
      0,
      0,
      0
    ],
    "vertices": {
      "rawPosition": [
        -26,
        -35,
        0,
        26,
        -35,
        0,
        -26,
        35,
        0,
        26,
        35,
        0
      ],
      "indexes": [
        0,
        1,
        2,
        2,
        1,
        3
      ],
      "uv": [
        3,
        71,
        55,
        71,
        3,
        1,
        55,
        1
      ],
      "nuv": [
        0.05263157894736842,
        0.013333333333333334,
        0.9649122807017544,
        0.013333333333333334,
        0.05263157894736842,
        0.9466666666666667,
        0.9649122807017544,
        0.9466666666666667
      ],
      "minPos": {
        "x": -26,
        "y": -35,
        "z": 0
      },
      "maxPos": {
        "x": 26,
        "y": 35,
        "z": 0
      }
    },
    "texture": "a6364be3-0f15-4110-8c94-48132d336c72@6c48a",
    "packable": true,
    "pixelsToUnit": 100,
    "pivot": {
      "x": 0.5,
      "y": 0.5
    },
    "meshType": 0
  }
}