{
  "__type__": "cc.SpriteFrame",
  "content": {
    "name": "1-5",
    "atlas": "",
    "rect": {
      "x": 0,
      "y": 0,
      "width": 253,
      "height": 236
    },
    "offset": {
      "x": 0,
      "y": 1
    },
    "originalSize": {
      "width": 253,
      "height": 238
    },
    "rotated": false,
    "capInsets": [
      0,
      0,
      0,
      0
    ],
    "vertices": {
      "rawPosition": [
        -126.5,
        -118,
        0,
        126.5,
        -118,
        0,
        -126.5,
        118,
        0,
        126.5,
        118,
        0
      ],
      "indexes": [
        0,
        1,
        2,
        2,
        1,
        3
      ],
      "uv": [
        0,
        238,
        253,
        238,
        0,
        2,
        253,
        2
      ],
      "nuv": [
        0,
        0.008403361344537815,
        1,
        0.008403361344537815,
        0,
        1,
        1,
        1
      ],
      "minPos": {
        "x": -126.5,
        "y": -118,
        "z": 0
      },
      "maxPos": {
        "x": 126.5,
        "y": 118,
        "z": 0
      }
    },
    "texture": "9251d60c-204e-4914-8d94-9b680e7f8d17@6c48a",
    "packable": true,
    "pixelsToUnit": 100,
    "pivot": {
      "x": 0.5,
      "y": 0.5
    },
    "meshType": 0
  }
}