{
  "__type__": "cc.SpriteFrame",
  "content": {
    "name": "boxs",
    "atlas": "",
    "rect": {
      "x": 0,
      "y": 0,
      "width": 1960,
      "height": 1207
    },
    "offset": {
      "x": -1.5,
      "y": 1
    },
    "originalSize": {
      "width": 1963,
      "height": 1209
    },
    "rotated": false,
    "capInsets": [
      0,
      0,
      0,
      0
    ],
    "vertices": {
      "rawPosition": [
        -980,
        -603.5,
        0,
        980,
        -603.5,
        0,
        -980,
        603.5,
        0,
        980,
        603.5,
        0
      ],
      "indexes": [
        0,
        1,
        2,
        2,
        1,
        3
      ],
      "uv": [
        0,
        1209,
        1960,
        1209,
        0,
        2,
        1960,
        2
      ],
      "nuv": [
        0,
        0.0016542597187758478,
        0.9984717269485481,
        0.0016542597187758478,
        0,
        1,
        0.9984717269485481,
        1
      ],
      "minPos": {
        "x": -980,
        "y": -603.5,
        "z": 0
      },
      "maxPos": {
        "x": 980,
        "y": 603.5,
        "z": 0
      }
    },
    "texture": "f1d3ac60-4ef7-4501-a422-378095e6c46a@6c48a",
    "packable": true,
    "pixelsToUnit": 100,
    "pivot": {
      "x": 0.5,
      "y": 0.5
    },
    "meshType": 0
  }
}