{
  "__type__": "cc.SpriteFrame",
  "content": {
    "name": "2-2",
    "atlas": "",
    "rect": {
      "x": 1,
      "y": 0,
      "width": 748,
      "height": 206
    },
    "offset": {
      "x": 0.5,
      "y": 0
    },
    "originalSize": {
      "width": 749,
      "height": 206
    },
    "rotated": false,
    "capInsets": [
      0,
      0,
      0,
      0
    ],
    "vertices": {
      "rawPosition": [
        -374,
        -103,
        0,
        374,
        -103,
        0,
        -374,
        103,
        0,
        374,
        103,
        0
      ],
      "indexes": [
        0,
        1,
        2,
        2,
        1,
        3
      ],
      "uv": [
        1,
        206,
        749,
        206,
        1,
        0,
        749,
        0
      ],
      "nuv": [
        0.0013351134846461949,
        0,
        1,
        0,
        0.0013351134846461949,
        1,
        1,
        1
      ],
      "minPos": {
        "x": -374,
        "y": -103,
        "z": 0
      },
      "maxPos": {
        "x": 374,
        "y": 103,
        "z": 0
      }
    },
    "texture": "bca160ec-8551-4a24-906a-953c5de2f86f@6c48a",
    "packable": true,
    "pixelsToUnit": 100,
    "pivot": {
      "x": 0.5,
      "y": 0.5
    },
    "meshType": 0
  }
}