{
  "__type__": "cc.SpriteFrame",
  "content": {
    "name": "1-2",
    "atlas": "",
    "rect": {
      "x": 0,
      "y": 0,
      "width": 750,
      "height": 445
    },
    "offset": {
      "x": 0,
      "y": 0.5
    },
    "originalSize": {
      "width": 750,
      "height": 446
    },
    "rotated": false,
    "capInsets": [
      0,
      0,
      0,
      0
    ],
    "vertices": {
      "rawPosition": [
        -375,
        -222.5,
        0,
        375,
        -222.5,
        0,
        -375,
        222.5,
        0,
        375,
        222.5,
        0
      ],
      "indexes": [
        0,
        1,
        2,
        2,
        1,
        3
      ],
      "uv": [
        0,
        446,
        750,
        446,
        0,
        1,
        750,
        1
      ],
      "nuv": [
        0,
        0.002242152466367713,
        1,
        0.002242152466367713,
        0,
        1,
        1,
        1
      ],
      "minPos": {
        "x": -375,
        "y": -222.5,
        "z": 0
      },
      "maxPos": {
        "x": 375,
        "y": 222.5,
        "z": 0
      }
    },
    "texture": "3281ae29-f0af-42cb-bd35-51544a12c53f@6c48a",
    "packable": true,
    "pixelsToUnit": 100,
    "pivot": {
      "x": 0.5,
      "y": 0.5
    },
    "meshType": 0
  }
}