{
  "__type__": "cc.SpriteFrame",
  "content": {
    "name": "tgbot2",
    "atlas": "",
    "rect": {
      "x": 3,
      "y": 3,
      "width": 750,
      "height": 1354
    },
    "offset": {
      "x": 0,
      "y": 0
    },
    "originalSize": {
      "width": 756,
      "height": 1360
    },
    "rotated": false,
    "capInsets": [
      0,
      0,
      0,
      0
    ],
    "vertices": {
      "rawPosition": [
        -375,
        -677,
        0,
        375,
        -677,
        0,
        -375,
        677,
        0,
        375,
        677,
        0
      ],
      "indexes": [
        0,
        1,
        2,
        2,
        1,
        3
      ],
      "uv": [
        3,
        1357,
        753,
        1357,
        3,
        3,
        753,
        3
      ],
      "nuv": [
        0.003968253968253968,
        0.0022058823529411764,
        0.996031746031746,
        0.0022058823529411764,
        0.003968253968253968,
        0.9977941176470588,
        0.996031746031746,
        0.9977941176470588
      ],
      "minPos": {
        "x": -375,
        "y": -677,
        "z": 0
      },
      "maxPos": {
        "x": 375,
        "y": 677,
        "z": 0
      }
    },
    "texture": "adc7e7f0-3e54-4d90-945b-dd4307a2b9c8@6c48a",
    "packable": true,
    "pixelsToUnit": 100,
    "pivot": {
      "x": 0.5,
      "y": 0.5
    },
    "meshType": 0
  }
}