{
  "__type__": "cc.SpriteFrame",
  "content": {
    "name": "2_2",
    "atlas": "",
    "rect": {
      "x": 3,
      "y": 3,
      "width": 52,
      "height": 72
    },
    "offset": {
      "x": 0,
      "y": 0
    },
    "originalSize": {
      "width": 58,
      "height": 78
    },
    "rotated": false,
    "capInsets": [
      0,
      0,
      0,
      0
    ],
    "vertices": {
      "rawPosition": [
        -26,
        -36,
        0,
        26,
        -36,
        0,
        -26,
        36,
        0,
        26,
        36,
        0
      ],
      "indexes": [
        0,
        1,
        2,
        2,
        1,
        3
      ],
      "uv": [
        3,
        75,
        55,
        75,
        3,
        3,
        55,
        3
      ],
      "nuv": [
        0.05172413793103448,
        0.038461538461538464,
        0.9482758620689655,
        0.038461538461538464,
        0.05172413793103448,
        0.9615384615384616,
        0.9482758620689655,
        0.9615384615384616
      ],
      "minPos": {
        "x": -26,
        "y": -36,
        "z": 0
      },
      "maxPos": {
        "x": 26,
        "y": 36,
        "z": 0
      }
    },
    "texture": "0f86c1e9-b81d-4c1a-85c6-d94cf98384c0@6c48a",
    "packable": true,
    "pixelsToUnit": 100,
    "pivot": {
      "x": 0.5,
      "y": 0.5
    },
    "meshType": 0
  }
}