{
  "__type__": "cc.SpriteFrame",
  "content": {
    "name": "1_1",
    "atlas": "",
    "rect": {
      "x": 3,
      "y": 4,
      "width": 303,
      "height": 240
    },
    "offset": {
      "x": -0.5,
      "y": -1
    },
    "originalSize": {
      "width": 310,
      "height": 246
    },
    "rotated": false,
    "capInsets": [
      0,
      0,
      0,
      0
    ],
    "vertices": {
      "rawPosition": [
        -151.5,
        -120,
        0,
        151.5,
        -120,
        0,
        -151.5,
        120,
        0,
        151.5,
        120,
        0
      ],
      "indexes": [
        0,
        1,
        2,
        2,
        1,
        3
      ],
      "uv": [
        3,
        242,
        306,
        242,
        3,
        2,
        306,
        2
      ],
      "nuv": [
        0.00967741935483871,
        0.008130081300813009,
        0.9870967741935484,
        0.008130081300813009,
        0.00967741935483871,
        0.983739837398374,
        0.9870967741935484,
        0.983739837398374
      ],
      "minPos": {
        "x": -151.5,
        "y": -120,
        "z": 0
      },
      "maxPos": {
        "x": 151.5,
        "y": 120,
        "z": 0
      }
    },
    "texture": "5cbc673d-5aff-41a8-8c70-bc25c43cda2b@6c48a",
    "packable": true,
    "pixelsToUnit": 100,
    "pivot": {
      "x": 0.5,
      "y": 0.5
    },
    "meshType": 0
  }
}